general.assists,general.banRate,general.deaths,general.experience,general.goldEarned,general.kills,general.largestKillingSpree,general.minionsKilled,general.neutralMinionsKilledEnemyJungle,general.neutralMinionsKilledTeamJungle,general.overallPosition,general.overallPositionChange,general.playPercent,general.totalDamageDealtToChampions,general.totalDamageTaken,general.totalHeal,general.winPercent,key,role,title
13.053362255965293,0.01285848633051719,5.934766318280418,3.4550973387727493,8310,2.343758627489647,4,17.235417077499505,0.09130349043581147,0.12841648590021693,10,-3.0,0.11755778398206612,8251,18580,1936,0.4912640504831394,412,Support,Thresh
7.345261485723841,0.01735277458161623,5.976840433092262,3.4948319826875203,10479,6.3518665607625096,10,30.089377534384013,8.477153965135237,65.079469921826,4,1.0,0.11090908107414726,12980,26629,7005,0.46866769783871914,64,Jungle,Lee Sin
7.690672645739911,0.010481520948746104,5.312556053811659,3.354943325948046,12013,6.323363228699551,9,156.18152466367712,1.3839910313901345,4.691390134529148,7,1.0,0.10339335763360578,23219,17185,2576,0.48295964125560537,81,ADC,Ezreal
6.031034327213677,0.028838864774933987,6.290134873020885,3.6585481808284563,12030,7.9864675898777575,9,152.84600117280888,2.0008570526410754,6.2932924353827415,2,0.0,0.10278597961342631,19232,21260,4245,0.509810997338626,67,ADC,Vayne
7.6441753451198835,0.005522812608425863,5.819714216517316,4.055189835728475,12340,7.405085977234197,9,167.58595301525793,2.227900217970453,6.729571324775975,1,2.0,0.09571999409622382,20144,18364,3307,0.5357713732138533,222,ADC,Jinx
4.559884989093794,0.03666600468129268,6.578524687685901,2.985666826063977,11568,7.973725956771763,11,39.56057902042435,9.671078722982351,72.19918699186992,1,0.0,0.09352694216076662,16169,27517,9627,0.5305869522109855,11,Jungle,Master Yi
12.243388210302708,0.02613502801589074,5.757620817843867,3.3864419628829783,8894,2.8348380244291027,6,28.86250663834307,0.2564524694636219,0.4467870419543282,1,2.0,0.08730479480900434,12948,17027,3722,0.50493892724376,25,Support,Morgana
10.44346644933442,0.009866415472839151,5.862048356424885,4.296979683088113,9136,4.2303721814724256,7,40.88687856560717,0.3628361858190709,0.7707688128226026,5,0.0,0.08533429359849841,16625,12914,1068,0.5125781037761478,99,Support,Lux
8.117993117993118,0.008471609714030047,6.100677100677101,4.129703771314774,11907,7.546675546675547,10,153.494005994006,1.2916527916527916,3.7092907092907095,4,0.0,0.08353997837857888,21557,19294,3014,0.5284715284715285,21,ADC,Miss Fortune
7.170421981232792,0.012132878237707357,5.806147103444401,3.5149813271459434,11866,6.401921672191943,8,165.42591447996853,1.6406135865595326,5.606281957633309,11,1.0,0.08251531774911579,20207,17573,3453,0.4895768949823004,51,ADC,Caitlyn
5.639602367407918,0.05958100189554489,6.5184163649945415,2.733305377922214,12182,9.471757742917887,9,151.48865138194563,1.72464517611906,3.419927598689881,1,1.0,0.08068854721514088,22843,21681,3333,0.4953168993851635,238,Middle,Zed
6.7294498756290855,0.010139194660018993,5.998958755133915,2.2361938148290434,10876,6.695782958292359,10,34.53641464684445,9.402730375426621,70.71290565164574,3,1.0,0.08015071629650866,15743,30634,12957,0.5109619945623879,141,Jungle,Kayn
7.184001444564825,0.02093831403916429,5.63187673046828,3.0421924626284778,12135,7.341699771277236,9,165.6155049957867,2.2406404237390154,6.7285421933309255,6,-5.0,0.07703036967375455,19660,21683,3580,0.4865173949680992,236,ADC,Lucian
5.548994038748137,0.0685309411191056,7.302471435668157,3.9043233238135824,12238,7.667101341281669,8,168.54017635370096,4.280054644808743,6.140958768007948,2,-1.0,0.07466576822114743,20131,23276,4269,0.5141579731743666,157,Middle,Yasuo
6.5017804909067785,0.0060892351132497274,5.930942388401373,,12242,7.544512272669465,9,166.42223070075036,2.2472338801983978,7.186887956250795,14,1.0,0.07291318126215626,18368,19206,3876,0.462482513035737,145,ADC,Kai'Sa
12.457605009131228,0.014079424335458127,5.872945473519437,3.6981759975705275,7900,2.1931907122358467,4,45.405165666579705,0.08068092877641533,0.10324810853117662,11,1.0,0.07108641072818134,7394,20588,3307,0.5168927732846335,89,Support,Leona
11.616246315099902,0.029726749438020783,5.558794628234524,2.797231836302845,7902,2.535997379626597,5,41.451883393383554,0.17569603668522765,0.19764166393711105,4,0.0,0.07077576700793688,9441,21138,3171,0.5249263019980347,53,Support,Blitzcrank
8.42598516300279,0.028029800160267432,6.158987272851017,,9087,6.093445858572109,7,43.39774042060845,0.35098346151228477,0.4845164363982849,2,0.0,0.0681237042022677,10026,20816,7172,0.49676716803920234,555,Support,Pyke
5.5470959769325825,0.03254263430511241,5.830495674859261,2.9944237407005048,10965,6.5137306055197035,9,42.13311822051352,8.695935740766167,64.93100370726349,2,1.0,0.06753487207583417,14288,25692,8553,0.5326101881092956,24,Jungle,Jax
8.25387712496272,0.003908547106956487,5.667312854160453,3.529708464193366,12001,7.198478974053087,9,161.37727408291082,1.4671189979123174,4.240829108261258,9,1.0,0.06218438173013097,20405,18255,4103,0.4933641515061139,202,ADC,Jhin
5.420716702553061,0.02744174077940664,5.4164872346970165,2.4337075848303393,11598,5.7339280221470315,8,160.8187480775146,2.4020301445709014,4.320747462319287,1,0.0,0.060292700568045275,19264,33227,1523,0.5349123346662565,75,Top,Nasus
6.49957427045437,0.0025168323304383708,5.812291973062931,2.5933066848755937,12221,7.831720721418066,10,157.6478055577057,2.3808344299094357,6.560337487421627,10,3.0,0.05989860032594409,18641,19395,3374,0.4962458394612586,18,ADC,Tristana
8.45642719072165,0.0036280404640491714,5.28503543814433,1.9324979072068187,12428,6.25354381443299,8,186.02319587628867,2.478334407216495,6.866623711340206,5,1.0,0.05756645418739235,20219,18107,3882,0.5285921391752577,15,ADC,Sivir
5.081769882118546,0.013465091605123922,4.937240577785157,2.8206715293978677,11214,6.280259007139299,7,149.31603851901045,1.5968786319110078,1.9238751452764402,3,0.0,0.05585095901589306,17913,31236,1944,0.5211688527311971,86,Top,Garen
8.908229969829032,0.0011088898968925583,6.213040563191418,2.8822957721028137,11665,6.412755615152531,9,150.8897921555481,1.9080623533355683,5.712872946697955,15,-1.0,0.05532240104413382,18995,18595,2990,0.5238015420717399,22,ADC,Ashe
5.329377104377104,0.00763549900431733,5.766077441077441,2.5321082191510236,10780,7.468686868686869,8,28.532239057239057,9.654377104377105,69.81119528619529,11,-1.0,0.05508130442543662,15148,27630,11680,0.48594276094276095,121,Jungle,Kha'Zix
6.674842445920627,0.0064470163134317865,5.975557826605348,3.2761717337569576,10315,5.596235734968489,8,31.908107647760175,8.502469766649634,64.51660705160961,16,-4.0,0.05444147109120175,13583,28687,12611,0.5059615057060126,5,Jungle,Xin Zhao
7.5695885200553255,0.007701955123573608,5.540629322268327,2.9144669232780585,10998,6.860563623789765,8,143.05082987551867,0.9622233748271093,3.2479253112033195,7,0.0,0.05363472471325344,21243,19531,3804,0.5203146611341632,103,Middle,Ahri
5.053300388280975,0.008381198482018596,5.97652665019414,3.2447539236948093,11568,6.991351923755736,8,156.0939816448994,2.8586304271090714,4.356953759265796,9,14.0,0.05254051698224308,17145,23735,4293,0.492057889163431,92,Top,Riven
4.929658467527871,0.04712897973629285,6.2127941957175725,2.4719145258857727,11355,6.723854185099983,8,155.2879136436029,1.3420633516191824,1.9379755795434437,4,1.0,0.05240142277914855,17557,30302,5217,0.4830118563086179,122,Top,Darius
13.056055425589348,0.003245531405539195,5.3544178513586465,2.8002696438300507,7810,1.2791074320676623,5,14.926579089436746,0.06559294583408314,0.12875652330394097,12,-2.0,0.051529765773089445,7498,13579,17398,0.5099874032751485,16,Support,Soraka
13.94971965997468,0.0014906262098297873,5.100018086453247,3.602618256359288,8213,1.9409477301501175,4,12.399077590884428,0.08102731054440224,0.10535359016096943,9,0.0,0.05127012326064631,9150,14391,10390,0.5222463374932176,267,Support,Nami
10.685064935064934,0.0022340074508128125,5.43659281894576,2.351780661527954,10764,5.783135981665393,7,34.54564553093965,7.5782085561497325,66.57734912146677,5,3.0,0.04855314982686636,12956,25923,7778,0.5213903743315508,59,Jungle,Jarvan IV
4.918471337579618,0.019982427765675725,5.420774130328271,3.271405961487734,12054,5.586379225869671,8,173.9667809897109,2.161783439490446,2.4363547280744733,2,2.0,0.04731521141932498,21275,27378,7006,0.5651151396374327,83,Top,Yorick
12.994567445674457,0.0015346727074763908,5.822775727757278,3.6955999145268708,8595,2.736982369823698,5,16.515272652726527,0.18716687166871668,0.32779827798277983,8,-2.0,0.04523343484634341,11874,15769,10120,0.5292127921279213,37,Support,Sona
6.981076223702294,0.003191439215446875,6.13775240511682,2.6347537853676646,10425,6.171054022623956,8,32.381118511470554,7.675864256263876,61.80272756105297,22,-4.0,0.04385640223570749,11991,32932,14874,0.5045987947986045,19,Jungle,Warwick
9.03421247749179,0.009866415472839151,5.421989196059739,4.045004878410256,10861,6.771210676835081,9,137.01599406842496,0.7550047664442326,2.7612541044380894,3,2.0,0.04377294571385077,22401,14815,1186,0.5320410973413833,99,Middle,Lux
5.8231918579471635,0.016413115965155357,6.4061281940233865,3.3142878817572052,11378,5.857947163274145,8,154.06572109138156,1.801645734084019,2.8815504547423125,7,0.0,0.042822468659371435,25178,21188,3111,0.5144001732351667,17,Top,Teemo
12.040317176680814,0.00438533112534165,5.6831583649765465,2.412203424622385,7496,1.8544784453875363,4,40.984364529819075,0.06511056511056511,0.11034174670538308,22,0.0,0.04151498315028279,7385,22246,8670,0.49430422157694887,12,Support,Alistar
8.84092970521542,0.02430671199077033,7.158163265306122,3.692176465193066,9630,5.176643990929705,9,38.3718820861678,0.7069160997732427,1.5794784580498866,3,-2.0,0.040893695709793856,20784,17639,1679,0.5193877551020408,63,Support,Brand
6.656157185286726,0.02831030680317475,6.552547406899703,3.3313268178801128,12805,7.912154443682888,9,157.36840301576422,2.1635823623486408,5.676604980580306,3,2.0,0.040587688462985876,21294,19860,2641,0.5015992689056431,119,ADC,Draven
6.5816828849456215,0.007990961967781146,6.119061247853463,2.7362979229572697,11664,7.884716657126503,10,151.26445334859758,1.3321121923297081,4.2477389811104755,4,0.0,0.04049959546769267,22295,17967,1578,0.5300515168860904,45,Middle,Veigar
5.908456634187417,0.005780909629723504,7.18669553711055,3.021982777918725,11630,9.709852038975098,9,135.01563815710333,1.1616744857452184,2.297726452544208,12,1.0,0.03854300367749618,21716,24411,5791,0.493323709852039,55,Middle,Katarina
13.275517573423206,0.0033050328146407466,5.497833413577275,2.911995563117474,7675,1.5782378430428503,3,44.38312469908522,0.08064516129032258,0.10026480500722196,30,-3.0,0.03851982131031376,6841,20719,3795,0.4841116995666827,201,Support,Braum
5.947661469933185,0.01611483617407485,6.247339767384311,2.9081266950794267,11599,9.422543924771096,10,131.15738678544915,1.1765652066320218,3.473150210343974,9,-1.0,0.03747197831366825,19946,22416,3247,0.5107646622123236,105,Middle,Fizz
13.043125,0.002611107290313557,5.4015,3.0174949321211377,8113,1.780875,4,17.903125,0.115875,0.19975,26,2.0,0.03709178749187651,7089,14097,1853,0.492625,117,Support,Lulu
6.781344032096289,0.0011977556377585125,5.946339017051153,2.793841278078434,10727,6.355692076228686,7,32.957873620862586,7.730566700100301,68.71075727181545,21,-2.0,0.036980512129400886,13807,23771,6519,0.5285857572718154,254,Jungle,Vi
5.4487804878048784,0.005199804959017439,5.614765985497693,2.0256473337843657,10844,5.848253131179961,7,36.02294001318391,11.328675016479895,67.85524060646011,12,-3.0,0.03516765101573542,11809,26907,9057,0.5344759393539882,77,Jungle,Udyr
4.638477801268499,0.03254263430511241,6.5270877378435515,3.179187528926663,11646,6.775766384778013,9,149.40605179704016,2.9450317124735728,4.809725158562368,10,6.0,0.03508883096731518,18128,25928,4597,0.5101744186046512,24,Top,Jax
6.983671843886897,0.024316757683216044,7.227133943979822,,11173,7.926058675162618,8,134.71631488118945,1.9733174034249303,4.887694145758662,18,14.0,0.03492655439703822,20850,25777,5881,0.47696800743395723,517,Middle,Sylas
9.93909574468085,0.008109192040411502,6.201063829787234,3.958904109589041,9576,3.738563829787234,6,44.083510638297874,0.5738031914893617,0.9933510638297872,6,2.0,0.03486628024236392,18866,15244,1467,0.5324468085106383,143,Support,Zyra
5.552671755725191,0.006151827504642269,5.832338653712699,2.4196708584037347,11756,6.113671061762664,7,169.2120749479528,2.678140180430257,3.5798750867453157,8,1.0,0.03340579110987128,18105,31927,7181,0.4895211658570437,58,Top,Renekton
6.661319570372437,0.005638724444337977,5.830380806249128,1.8650139410837678,10851,7.046868461431162,8,26.923559771237272,8.295020225972939,69.97447342725624,14,33.0,0.03323887806615784,14106,29050,11703,0.5007671920769982,421,Jungle,Rek'Sai
6.372027578443788,0.003696042074450945,5.810046433094133,2.6091701180635516,11054,6.839454059378078,8,38.530885042915436,8.022794428028703,71.75193471225552,15,-4.0,0.032951416713095795,14275,26914,10118,0.5103419164204306,56,Jungle,Nocturne
9.95736213757817,0.005965595821610139,5.478396816372939,2.122139134375708,10019,4.6208072768618536,7,30.564383172256964,5.903212052302445,63.89894826606026,10,4.0,0.032622227099105394,13244,26856,7212,0.5420693575895396,33,Jungle,Rammus
5.354641230068337,0.0037424068088157906,6.607346241457859,2.2397597209156475,10963,7.18251708428246,9,35.56420842824601,9.624430523917995,69.83385535307517,30,2.0,0.03256658941786758,15257,28024,10574,0.46511958997722097,107,Jungle,Rengar
6.29697671054535,0.017685055177897622,5.287574135686388,2.303561435052332,10840,7.997830175032547,8,125.24866194127007,1.163604802545928,4.532475047012874,19,-2.0,0.03205194086641779,19594,20640,3505,0.4806885577896716,7,Middle,LeBlanc
7.008996851102114,0.008038872193291486,6.073174388963863,,10431,6.143349827560354,7,133.19883040935673,0.7642825011246064,3.4003598740440846,38,0.0,0.03092064134791556,21002,18097,2519,0.46033888139151297,142,Middle,Zoe
10.740509223967068,0.0016080835368873963,5.015246226558927,1.9357356628650004,9733,4.162982161914926,7,32.839152309803325,6.249885653300808,58.08888550083854,9,4.0,0.03041062926990226,11180,34446,17102,0.5327031559688977,20,Jungle,Nunu & Willump
12.99872854418309,0.0005092393324405547,5.318340750158932,2.520610348790518,8271,1.8661792752701845,4,16.82883026064844,0.101716465352829,0.1285759694850604,17,-2.0,0.02917269086236088,8847,14374,6611,0.5095359186268277,40,Support,Janna
4.859382498800192,0.015587823693461103,6.30827067669173,3.072374918236735,11755,5.608382658774596,8,175.97520396736522,1.1838105903055511,1.522476403775396,6,0.0,0.02898259545146501,23195,31793,7999,0.5015197568389058,420,Top,Illaoi
4.671634615384615,0.007105395541412594,6.230929487179488,2.4446834692233463,11668,6.545352564102564,8,160.7701923076923,2.7963141025641027,4.079487179487179,14,3.0,0.02893159424366368,18381,28673,8160,0.48846153846153845,114,Top,Fiora
7.761324328776149,0.0017239953727995103,5.906111019601384,2.483736515201046,10645,6.467633009388898,8,33.386921429747986,7.276066545873826,70.63597430406853,23,2.0,0.02814803023289779,14346,31813,11444,0.4865755229780926,120,Jungle,Hecarim
5.946222368855163,0.0039348204564299,7.0884196634774,3.0818949225148042,11685,8.876113493896403,11,139.2358957439789,2.4587594853183767,4.663147476080502,28,-6.0,0.02810630197196943,20349,24095,3426,0.45710986473111187,91,Middle,Talon
6.472925398155909,0.004848978468990107,5.800670578373848,2.591838274119333,10448,7.2769488683989945,9,20.311148365465215,7.871751886001676,68.28885163453478,26,3.0,0.027656564048630424,16332,22737,7398,0.47812238055322714,28,Jungle,Evelynn
9.562988115449915,0.0012031648567677443,5.539898132427844,2.373328365341779,10071,4.3215619694397285,7,33.86247877758913,6.573174872665535,69.20967741935483,24,-4.0,0.027308828540894083,13017,26639,6690,0.5196943972835314,32,Jungle,Amumu
7.141393442622951,0.024316757683216044,6.723189890710382,,10644,6.715334699453552,10,50.88712431693989,6.539105191256831,57.95987021857923,20,8.0,0.02715118844405361,16671,26581,8710,0.48275273224043713,517,Jungle,Sylas
5.012649572649573,0.0685309411191056,7.304444444444444,4.251115837643609,12289,6.83965811965812,10,178.43794871794873,3.8165811965811964,5.918974358974359,5,-3.0,0.0271233696034347,19990,23743,4134,0.49811965811965814,157,Top,Yasuo
7.53236914600551,0.0008314742362762318,6.443181818181818,3.105040955214149,12022,7.172520661157025,8,158.3801652892562,2.0167011019283745,6.102961432506887,16,4.0,0.02692863771910235,19454,18595,3136,0.4855371900826446,110,ADC,Varus
6.349061477527123,0.0032022576534653387,6.147236094368865,3.7007301137817508,11262,7.558980540726709,10,139.51437919752024,1.593766144308593,3.8143619769244017,23,0.0,0.026924001245665866,19810,26515,7005,0.5085241949371448,245,Middle,Ekko
6.350698637226151,0.0016359023775063036,5.358806279109884,2.6141435245639997,11228,5.98292220113852,9,43.85233741590478,9.7683284457478,75.341210971192,6,1.0,0.02687763651130102,16096,29895,8614,0.5292392616870796,102,Jungle,Shyvana
9.893037864247077,0.0011421179565206975,4.732158436573024,2.5571110339048864,10052,4.187401849589949,6,33.4348281277264,6.304833362414937,65.59588204501833,17,-2.0,0.026571629264493038,11425,29341,7306,0.5124760076775432,113,Jungle,Sejuani
7.0450498575498575,0.0013623504447537143,5.995548433048433,2.420650843522479,11793,6.7793803418803416,10,159.26780626780626,1.9561965811965811,5.9504985754985755,18,0.0,0.026038434819297313,19056,18661,3227,0.479522792022792,498,ADC,Xayah
7.758220157255182,0.00810996478598425,5.504467476769121,3.8536164449395987,11857,5.592208720514654,7,174.14135096497498,1.6826304503216583,4.879735525375268,6,0.0,0.025945705350567623,21164,16196,1135,0.544674767691208,90,Middle,Malzahar
4.408944543828265,0.006674976257392278,6.188372093023256,3.00129011926217,12173,6.067084078711986,7,170.14722719141324,5.457960644007156,7.145259391771019,13,0.0,0.025917886509948713,17425,32069,9171,0.470304114490161,23,Top,Tryndamere
7.5119634703196345,0.0029464788688859404,6.334611872146119,2.979479091405713,12274,8.597625570776255,10,147.2538812785388,2.4051141552511415,6.961278538812786,8,1.0,0.025384692064752988,21106,20532,3273,0.5088584474885844,29,ADC,Twitch
11.502841429880844,0.0008948393732415208,5.669477543538038,3.7627930628412374,7925,2.516956920256645,5,48.23134738771769,0.1473877176901925,0.26544454628780934,29,0.0,0.025291962596023298,9521,20039,3073,0.49752520623281393,111,Support,Nautilus
5.28833673280178,0.008300060196880118,6.687743371036529,2.483854596206306,12326,7.267012794363064,8,183.16892267754497,2.298349712590395,3.26460226219173,12,-2.0,0.025004501242961254,17959,29121,6631,0.4680140923419247,39,Top,Irelia
12.381333830104323,0.0009025668289689952,5.784649776453056,2.3266805872545686,7870,1.8556259314456036,4,14.899776453055141,0.10804769001490314,0.14269746646795828,37,-1.0,0.02488858940704914,7249,15065,4123,0.4722429210134128,497,Support,Rakan
6.223053892215569,0.003855227662436915,5.540980538922156,2.771062780323271,10579,6.292290419161676,9,35.764595808383234,9.592065868263473,61.99008233532934,32,-9.0,0.02477731404457351,12876,23337,6857,0.4801646706586826,35,Jungle,Shaco
11.251746931067045,0.0007101531813548857,5.656090651558074,2.734052861322972,8541,2.633050047214353,5,30.482908404154863,0.30292728989612844,0.507837582625118,28,-3.0,0.02455012684618577,12733,15420,2294,0.48366383380547684,43,Support,Karma
6.387532781924551,0.0013716233916266835,5.359491628000807,2.666214659880373,11053,5.641920516441396,8,51.682670970344965,9.877345168448658,72.80048416380876,27,-5.0,0.022982998824653985,15065,22420,7650,0.48093605003026024,104,Jungle,Graves
6.5030765966475705,0.024316757683216044,6.839804795247189,,10718,6.193082962019945,8,141.16486314449395,1.5896456609378316,3.032039040950562,27,3.0,0.021851699306151752,18982,26807,6166,0.4614894971355824,517,Top,Sylas
6.5209797657082005,0.0011142991159017901,6.467944621938232,2.2726218097447797,10780,6.204046858359957,8,36.59978700745474,12.559957401490948,64.13056443024495,29,-3.0,0.02176824278429503,15453,24751,11753,0.4894568690095847,203,Jungle,Kindred
6.031329923273657,0.0051889865209989745,6.931798806479113,3.389473243972313,11680,8.529624893435635,8,137.71675191815856,2.8228900255754477,6.533248081841432,17,7.0,0.021754333363985575,21549,21094,2436,0.5087382779198636,131,Middle,Diana
9.115716753022452,0.0007781547917566593,5.510146804835924,2.626773316009582,11230,5.787996545768567,8,160.32318652849742,1.6003886010362693,6.546848013816926,14,1.0,0.0214761449577965,20422,17484,1843,0.5032383419689119,61,Middle,Orianna
6.654017857142857,0.0047941135333250395,5.931026785714286,3.473897558461034,10290,6.909375,8,39.137276785714285,5.515401785714285,51.707589285714285,39,-4.0,0.02077140099545085,14446,22678,6222,0.4948660714285714,80,Jungle,Pantheon
5.896142433234421,0.010177831938656366,5.9429354028760555,2.5867426726529787,10975,5.222780187171878,9,167.42593015293312,1.309290116411778,2.5466788404473863,17,-2.0,0.020312390125238874,20489,28207,20507,0.47842958228714905,8,Top,Vladimir
6.499657299520219,0.010177831938656366,6.080877313228238,2.6731967721911856,11223,6.550376970527759,7,160.90015992689055,1.3973040895590587,2.914781814027873,21,-1.0,0.020293844231492938,21934,28910,20822,0.49280328992460587,8,Middle,Vladimir
8.968433451118964,0.002104958940163992,6.026619552414606,4.4092385420425835,9597,4.696348645465253,7,47.48056537102474,0.5945818610129564,1.171967020023557,7,4.0,0.019681829737876976,20403,14611,1175,0.5392226148409894,161,Support,Vel'Koz
8.259622280659814,0.0018221340605384336,5.292612957207746,2.666368725596274,11119,6.550083672005737,9,151.01195314367678,1.0595266555103993,4.347119292373894,11,-1.0,0.019394368384814932,25238,15877,1350,0.5111164236194119,101,Middle,Xerath
8.822924144532184,0.003905456124665498,5.836803062933716,2.0965879265091862,10869,5.2438382388131135,10,157.463986599665,1.0894950945202202,5.2122517348648,34,-1.0,0.019375822491068995,18298,20190,2413,0.47906197654941374,127,Middle,Lissandra
5.578921688216639,0.0061989649845798625,6.050256160039034,2.004298186702485,10791,5.722859233959502,6,148.85362283483778,1.0617223713100756,2.038302024884118,39,-27.0,0.019004904616150228,16728,24896,2463,0.4505977067577458,6,Top,Urgot
7.88441717791411,0.001457398150201648,5.158773006134969,3.2520468829624596,10362,5.089570552147239,7,137.1519018404908,1.0247852760736196,2.0625766871165645,26,0.0,0.0188936292536746,17930,20388,1794,0.5119018404907976,54,Top,Malphite
6.647894343384002,0.000808291869093809,6.815100922003489,2.2837793411795646,12237,7.961375529529031,8,161.03688013954647,2.575629205083479,7.639421878893596,17,-1.0,0.018606167900612557,18856,21366,3756,0.46199850485920757,429,ADC,Kalista
5.815083938862441,0.004800295497907019,5.585316963167126,2.130312314686697,11372,7.7514407416687545,7,143.01628664495115,2.01904284640441,6.172889000250564,25,5.0,0.018504165485009896,19743,26727,7832,0.49185667752442996,38,Middle,Kassadin
6.80462079357107,0.0029464788688859404,6.707433450527374,3.587458309942872,11113,7.484178804620794,9,42.47739829231542,6.684580612757409,62.349321948769465,42,-8.0,0.018462437224081536,16888,23147,6456,0.4708689100954294,29,Jungle,Twitch
6.953231078702539,0.0010339335763360578,5.81191853155645,2.3238708248987856,10120,6.064873019864219,7,27.55519235604727,7.033190847372391,63.00528036208197,37,1.0,0.018439254856899113,14469,22172,7204,0.500628614533568,60,Jungle,Elise
7.817441555030207,0.002104958940163992,5.854741266088784,3.664747775831077,11286,6.944313107433675,10,149.72340425531914,1.1184659837142106,3.501444707118466,10,-1.0,0.017651054372696737,25372,17206,1577,0.5269240872077752,161,Middle,Vel'Koz
8.127166089042921,0.0010424337776362795,5.392428685683818,2.6888090963494915,10548,4.160223940282592,7,152.43828312450015,0.852039456145028,1.2897893894961343,16,-5.0,0.0173914118602536,17228,33132,2898,0.5030658491069048,14,Top,Sion
11.873600873600873,0.0006290148962164059,6.276276276276277,2.525340841730883,8983,3.5195195195195197,5,24.062517062517063,0.31504231504231506,0.3707343707343707,21,-5.0,0.01698340219784296,13162,17925,5613,0.4853944853944854,432,Support,Bard
11.070237769882482,0.0013584867168899772,5.260453675867724,2.623460277997514,8728,2.7532112599070784,4,42.05383984695272,0.3544684339983602,0.5728341076796939,14,-1.0,0.016964856304097022,12918,15656,5776,0.5244602350368953,26,Support,Zilean
8.001654259718777,0.008720433788454718,6.326164874551972,3.9250480461242794,11619,7.124620898814447,9,46.19216983733113,6.746346843121037,83.02646815550041,8,-6.0,0.016816489154129515,24551,25146,8329,0.4899365867107803,30,Jungle,Karthus
6.435577722360764,0.003066254432661792,5.904128567470213,2.870373266604108,11447,6.307287337212524,8,161.05098365198117,1.8395677472984207,3.7378775284012193,20,2.0,0.01673303263227279,21285,22035,3041,0.4763092269326683,126,Top,Jayce
7.259596246801251,0.0024055569679627413,6.014500995166335,,10982,6.620699459766847,8,143.91185669604778,1.3372192209269265,3.31959056013648,27,2.0,0.016306477076116214,21342,19483,2516,0.5115154961615013,518,Middle,Neeko
9.844773568783822,0.0021745060417112604,6.604671033893478,4.123167598609641,8870,3.6117915123896327,5,35.68983195670749,0.7368271147821134,1.5844488749643977,23,1.0,0.016278658235497304,15205,15884,2975,0.49501566505269157,9,Support,Fiddlesticks
10.954833141542002,0.000499193639994838,4.240218642117377,2.6906063715113184,9565,3.8296892980437285,6,30.842347525891828,4.922324510932106,63.5253164556962,13,8.0,0.016116381665220347,11205,33288,25148,0.5215765247410817,154,Jungle,Zac
7.473949082297217,0.007990961967781146,6.176731793960924,4.055555555555555,9057,4.9911190053285965,7,58.738010657193605,0.6000592066311426,1.5538780343398462,18,-1.0,0.01566200726844486,14629,14926,1228,0.4985198342214328,45,Support,Veigar
7.907314184187149,0.00044201046761152844,5.71631625703287,2.232100821036918,9697,4.5087355641101565,7,29.28368374296713,6.554042049156056,67.50310926858158,50,-2.0,0.015657370795008372,13192,26266,10609,0.4329286348830323,79,Jungle,Gragas
5.7438409023449095,0.008300060196880118,6.737904422677352,5.493036790688007,12369,8.300385871178392,8,174.1231819531018,2.2395369545859305,4.49035322054022,16,3.0,0.015620279007516497,18251,28763,6527,0.46423271000296823,39,Middle,Irelia
8.281744846130863,0.000979841386243738,5.308933373170003,3.4079881787305366,10336,5.500448162533612,7,38.898715267403645,5.87720346579026,58.79593665969525,18,-2.0,0.015518276591913837,13225,30873,7005,0.5303256647744249,106,Jungle,Volibear
6.5015432098765435,0.0012201652593681878,5.743827160493828,2.549975544997205,10841,5.388888888888889,9,147.41018518518518,0.9817901234567902,2.041049382716049,34,-7.0,0.015022173934209989,19689,20887,2954,0.49104938271604937,85,Top,Kennen
12.970478558110628,0.0004080096624106416,5.124300807955252,2.6310016225233666,7632,1.680546923555003,3,44.72125543816035,0.13082660037290242,0.17899316345556246,20,-2.0,0.014920171518607328,5685,19621,9047,0.5152268489745183,44,Support,Taric
6.2880503144654085,0.000659924719126303,5.883333333333334,1.9554941029095465,10046,5.84433962264151,7,29.715408805031448,8.659433962264151,68.34276729559748,48,-5.0,0.014743985528020915,14409,24710,12084,0.439937106918239,76,Jungle,Nidalee
7.309712116418855,0.00167608514728917,6.560265738690288,2.5278672559742303,11149,7.554254982600443,8,135.17779183802594,1.079405251502689,3.012654223347042,26,5.0,0.014655892532727708,22190,18410,2216,0.5052198671306548,1,Middle,Annie
6.780269058295964,0.0008399744375764535,5.709481101857784,3.2735439981305015,10850,6.5903267136451,8,42.08231902626522,6.7072389493914155,64.59417040358744,25,-1.0,0.014475070068704809,15083,25191,8120,0.5102498398462524,62,Jungle,Wukong
9.511583011583012,0.0010648433992459549,5.546653796653796,2.8538017963943494,7816,2.48970398970399,5,49.49839124839125,0.20785070785070786,0.2676962676962677,42,-2.0,0.014410159440594025,8804,22506,4868,0.453989703989704,223,Support,Tahm Kench
5.413646751550767,0.0013893965397998743,6.5197518772445315,2.3706324635117206,11695,7.049951028403526,7,151.0473392099249,2.6294482533463923,3.1113287626509956,15,27.0,0.01420151813595222,20748,30712,5888,0.5017956252040483,2,Top,Olaf
6.48132372214941,0.0013893965397998743,5.832896461336828,2.3264208512178723,10616,5.782110091743119,7,53.1372870249017,7.362057667103539,59.064547837483616,31,11.0,0.01415051692815089,14593,31806,8872,0.4849279161205767,2,Jungle,Olaf
6.594630427577063,0.0008623840591861289,6.296320848525025,2.4083214293328785,11341,6.82830626450116,8,158.83692409678488,1.3072588664235996,5.020550215445807,32,-5.0,0.013988240357873931,21673,18637,2340,0.4650314882333444,134,Middle,Syndra
5.159513349104428,0.007454676540294432,6.8482595471443055,2.982796480547605,10545,7.171003717472119,8,127.81378844204123,1.1057789793849273,2.260561000337952,44,3.0,0.013719324898557825,16041,22789,5481,0.38526529232848933,84,Middle,Akali
5.897610921501706,0.0047941135333250395,6.6853242320819115,2.868027225966655,10943,7.601023890784983,7,124.6320819112628,1.2539249146757678,2.3532423208191124,41,-3.0,0.013584867168899773,19302,22694,2785,0.46928327645051193,80,Top,Pantheon
6.219520666898228,0.0008438381654401907,6.560263980548802,2.246186852602997,11258,5.9940951719347,7,156.60507120527961,1.6714136853073984,6.459881903438694,40,2.0,0.01334840702363906,20192,19875,2386,0.45745050364709966,268,Middle,Azir
7.1678470254957505,0.001455852659056153,5.818696883852692,2.6136929147711565,11541,6.855169971671388,8,144.0956090651558,1.905099150141643,2.6126062322946177,11,-3.0,0.01309340098463241,19129,34655,4032,0.5014164305949008,240,Top,Kled
6.813565340909091,0.0009875688419712122,5.729048295454546,2.200654753785295,10877,5.186434659090909,7,144.55220170454547,1.2702414772727273,1.9840198863636365,29,11.0,0.013056309197140533,18926,27728,3119,0.4854403409090909,150,Top,Gnar
10.194594594594594,0.002032320856325734,5.5477477477477475,3.2052473653395785,7734,2.4893693693693693,5,50.21801801801802,0.24684684684684685,0.4663063063063063,39,0.0,0.012866213786244666,10229,19710,3156,0.47387387387387386,3,Support,Galio
6.694871794871795,0.002101867957873002,5.554212454212454,2.2408940240553084,10681,4.797435897435897,6,149.12747252747252,1.6402930402930402,2.115018315018315,18,-4.0,0.01265757248160286,19016,34805,7625,0.4948717948717949,36,Top,Dr. Mundo
9.78440029433407,0.000282052134052811,4.925312729948492,2.628827371322428,9897,4.125091979396615,5,125.41795437821928,0.9076526857983812,1.721486387049301,38,-1.0,0.012601934800365045,13261,25122,2711,0.4878587196467991,98,Top,Shen
8.123603871928518,0.0002202324882330168,6.0536113179449,2.151324213649099,11274,5.236783320923306,6,145.28034251675354,1.191734921816828,5.290022338049144,39,0.0,0.01245356765039754,18635,20608,2919,0.48659717051377516,4,Middle,Twisted Fate
6.233858858858859,0.0004636473436484564,5.882882882882883,2.3771525171198533,10767,5.336711711711712,6,153.43993993993993,2.129129129129129,6.797297297297297,42,3.0,0.01235156523479488,18750,21335,4171,0.4512012012012012,13,Middle,Ryze
8.72287780738485,0.001457398150201648,5.520365435858394,3.7753746478106414,8179,3.5831747240197944,7,49.19299581271412,0.4625047582794062,1.019033117624667,27,-1.0,0.012180015717644951,12407,16483,1804,0.5047582794061667,54,Support,Malphite
8.613471106008419,0.0018221340605384336,5.578645235361654,4.381029722267338,9341,4.604286261002679,7,52.43934175277459,0.5782625334864141,1.3980099502487562,13,1.0,0.012115105089534166,19183,13432,1039,0.5185610409491006,101,Support,Xerath
4.996925441967717,0.006674976257392278,5.747117601844735,3.4959181616609554,11741,6.199846272098386,8,90.73827824750192,9.676018447348193,50.55534204458109,19,-2.0,0.012064103881732836,15480,33202,12584,0.5015372790161414,23,Jungle,Tryndamere
11.11115506329114,0.0007163351459368652,4.8263449367088604,2.331926247461272,8982,2.4224683544303796,5,14.36748417721519,10.177215189873417,74.96162974683544,49,-4.0,0.011721004847432978,7939,15309,6595,0.46954113924050633,427,Jungle,Ivern
9.281063914251687,0.002032320856325734,5.745930924970226,3.186435502476759,9969,4.8416038110361255,7,130.00317586343786,0.7820563715760223,2.909090909090909,41,2.0,0.011679276586504618,17594,23979,2557,0.46923382294561333,3,Middle,Galio
7.1302774427020505,0.000701652980054664,5.355046240450342,2.4848177055490215,10337,4.725774024929634,5,137.93646964213912,1.3152392440691596,2.0104543626859672,37,-1.0,0.011530909436537111,17124,25903,2947,0.48210695617209487,78,Top,Poppy
6.858870967741935,0.002033866347471229,6.3560483870967746,2.205452943310814,11239,6.318548387096774,8,154.59556451612903,1.7487903225806452,6.788306451612903,37,0.0,0.01149845412248172,20423,22243,5922,0.48185483870967744,69,Middle,Cassiopeia
5.722177091795288,0.0012271199695229147,5.5735174654752235,2.448611069759133,10519,5.50446791226645,6,139.00284321689682,1.1299756295694556,2.769293257514216,32,-1.0,0.011414997600624997,17189,33481,7308,0.4800974817221771,31,Top,Cho'Gath
7.3883692557950384,0.0008198830526850204,4.575843838958926,2.911445802985862,11357,5.808052053680358,7,160.12078080520536,2.0943472956486375,7.800325335502237,20,-4.0,0.011401088180315544,19301,24280,3907,0.5099633997559984,34,Middle,Anivia
7.991198658843253,0.0004350557574568016,5.686085498742665,2.9488266802703738,11300,5.776194467728415,8,156.3151718357083,1.1345347862531434,3.7476948868398994,13,1.0,0.01106262561945217,25811,16804,1467,0.5272422464375524,115,Middle,Ziggs
7.654142145767316,0.02430671199077033,6.929832503395201,3.406460044809559,10817,6.909461294703486,11,129.52240832956088,1.0878225441376188,4.226799456767768,24,-6.0,0.010241969821194402,24782,20061,2090,0.5033952014486193,63,Middle,Brand
5.506570004531038,0.008381198482018596,5.732668781150884,5.536717062634989,11395,7.173991844132306,8,95.79655641141821,6.892161304938831,39.429995468962396,28,13.0,0.010232696874321432,16055,24196,6343,0.501132759401903,92,Jungle,Riven
5.849227974568574,0.02744174077940664,5.4069028156221615,4.836124401913875,10827,5.386466848319709,6,65.40690281562216,6.946866485013624,59.08719346049046,7,-1.0,0.01020951450713901,15184,34913,5594,0.5095367847411444,75,Jungle,Nasus
7.945141794514179,0.00037787258507349195,5.435611343561134,1.2420830401125968,9929,4.00976290097629,5,140.53788935378893,0.6397024639702464,1.3179916317991631,42,-1.0,0.009973054361878298,16129,26169,1995,0.4769874476987448,516,Top,Ornn
7.003355704697986,0.0004064641712651468,5.375838926174497,3.1460990487565583,10392,5.059923298178331,6,41.27564717162033,7.827420901246405,61.87823585810163,35,2.0,0.009671683588506801,12277,32419,14845,0.48322147651006714,48,Jungle,Trundle
7.093598448108632,0.0005440128832141888,5.872938894277401,2.757300636465743,12256,4.936954413191077,7,172.84384093113482,1.4932104752667312,3.332686711930165,23,-2.0,0.00956040822603117,19410,24217,5980,0.46217264791464596,41,Top,Gangplank
5.397721387881926,0.005978732496346845,5.924909373381667,2.5795168595873177,10231,4.5121698601760745,5,145.6721905748317,1.7198342827550492,3.445365095805282,48,-1.0,0.008953030205851694,15890,30629,9591,0.40548938373899535,266,Top,Aatrox
6.348279457768509,0.001260348029151054,7.232533889468196,3.8496800073491135,11507,7.321689259645464,9,141.60323253388947,2.1313868613138687,3.8420229405630866,36,-4.0,0.008892756051177394,20543,21092,2305,0.4932221063607925,133,Top,Quinn
7.716870675891432,0.0024055569679627413,6.109100585417775,,8608,3.7642362959020756,5,49.59393294305482,0.5364555614688664,1.1208089409260245,34,-1.0,0.008711933587154497,14398,15673,1493,0.4816391697711549,518,Support,Neeko
7.027717391304348,0.0002449603465609345,6.965760869565218,2.330057863733514,12422,8.252717391304348,9,155.83315217391305,2.0059782608695653,6.817391304347826,13,-6.0,0.008531111123131598,23907,20361,3678,0.4815217391304348,96,ADC,Kog'Maw
5.811444141689373,0.016413115965155357,5.7204359673024525,6.033561756935271,8325,3.7427792915531337,6,59.57111716621253,0.7880108991825613,1.2577656675749318,19,2.0,0.008507928755949176,16273,14663,1577,0.4997275204359673,17,Support,Teemo
6.37861429350791,0.0024016932400990044,6.353518821603928,3.043442519286708,9851,5.465902891434807,8,33.87779596290235,6.583196944899073,58.187670485542824,51,1.0,0.008498655809076206,11819,26589,7983,0.4413529732678669,164,Jungle,Camille
6.970313358988455,0.002189960953166209,6.109950522264981,3.8843651861821447,10906,5.412314458493678,8,148.62067069818582,0.9384277075316108,2.286421110500275,36,4.0,0.008433745180965423,24586,18332,2594,0.5079714128642111,74,Middle,Heimerdinger
11.058660763696736,0.000282052134052811,4.8942999446596565,3.7242674332344214,7778,2.5849474266740455,5,52.60597675705589,0.24626452684006642,0.4587714443829552,31,3.0,0.008378107499727607,7125,19482,3149,0.4997232982844494,98,Support,Shen
6.701284198771636,0.00074492673212852,5.679508654383026,2.478266746480777,11550,6.490787269681742,9,166.36627582356226,1.6566164154103853,6.3953098827470685,15,10.0,0.008303923924743854,23800,17410,2014,0.503070910106086,112,Middle,Viktor
8.452714045886962,0.008720433788454718,6.530498041410184,2.098933536469244,11652,7.4476776720761055,11,150.62618914381645,1.5674314493564634,6.763290430889759,8,-5.0,0.008285378030997916,27985,22002,4297,0.493564633463906,30,Middle,Karthus
7.3316526610644255,0.0004118733902743788,6.982072829131653,2.2092878080555858,11048,4.565266106442577,8,172.67450980392158,1.3484593837535015,1.4868347338935575,24,5.0,0.008276105084124947,20321,29825,3388,0.5014005602240896,27,Top,Singed
5.988751406074241,0.0005656497592511168,6.131608548931384,2.529655812430057,11588,5.451068616422947,8,166.69853768278966,2.593363329583802,5.427446569178852,25,9.0,0.008243649770069555,17965,24471,7422,0.5044994375703037,10,Top,Kayle
5.751266178953292,0.0024016932400990044,6.402926280247608,2.358983666061706,10827,6.178390545863816,6,135.38660664040518,1.9144625773776027,3.2025886325267305,45,-1.0,0.00823901329663307,16855,25139,3230,0.46595385481148,164,Top,Camille
6.191056910569106,0.0051889865209989745,6.2682926829268295,3.5989555974415226,10922,6.840882694541231,6,47.408246225319395,6.880952380952381,68.04065040650407,36,-6.0,0.00798400725762642,16999,21950,5699,0.4895470383275261,131,Jungle,Diana
6.738927738927739,0.000979841386243738,5.578671328671328,3.7047960416098493,10962,6.222027972027972,6,135.03787878787878,1.446969696969697,2.3175990675990676,22,-3.0,0.007956188417007513,17392,31084,2933,0.502913752913753,106,Top,Volibear
7.057635175282234,0.0005950140910155191,6.212121212121212,2.456946743801038,11112,6.254307783719549,9,150.79382055852645,1.1907308377896613,2.46524064171123,19,-1.0,0.007803184793603522,22330,24664,3059,0.5127748068924539,68,Top,Rumble
8.342731829573935,0.000766563608165448,5.896616541353383,4.134528596044966,10698,6.632832080200501,6,132.4360902255639,0.9924812030075187,3.3533834586466167,31,-3.0,0.007399811604629365,22483,27908,9181,0.49373433583959897,50,Middle,Swain
5.933291378225299,0.0014063969424003178,6.570799244808056,2.364847381283243,11143,5.697293895531781,8,154.40843297671492,1.6916299559471366,2.843297671491504,44,1.0,0.007367356290573972,20706,18618,10511,0.4764002517306482,82,Top,Mordekaiser
6.028024606971975,0.0008399744375764535,5.959671907040328,3.2469342696778654,11252,6.9501025290498974,9,139.96582365003417,1.913192071086808,3.6568694463431304,33,-9.0,0.006783160637576917,18501,22439,2746,0.504442925495557,62,Top,Wukong
8.36664320900774,0.0021745060417112604,5.876847290640394,2.7334184508609964,9946,5.015482054890922,7,33.54750175932442,5.252638986629134,65.14074595355383,40,-9.0,0.006588428753244566,15609,26808,14313,0.49261083743842365,9,Jungle,Fiddlesticks
4.509915014164306,0.007454676540294432,6.038951841359774,3.9848512569065826,10662,6.328611898016997,6,146.06586402266288,1.2436260623229463,2.273371104815864,47,2.0,0.006546700492316205,16526,23076,5713,0.43413597733711046,84,Top,Akali
6.993585174625802,0.00032687137727216176,5.890947968638631,2.248624484181568,12506,7.888096935138988,9,165.7726300784034,2.9679258731290092,8.483250178189595,5,6.0,0.006504972231387843,24193,21744,3468,0.5196008553100498,42,Middle,Corki
7.004720692368214,0.003066254432661792,6.053501180173092,3.483011049723757,11714,7.615263571990559,8,152.8324154209284,2.2738001573564124,6.3690007867820615,22,-10.0,0.005892957737771881,22163,21775,3246,0.47442958300550747,126,Middle,Jayce
8.114832535885167,0.0005416946464959465,6.3054226475279105,2.0913248535086466,9763,4.960127591706539,7,129.5414673046252,0.9441786283891547,3.212121212121212,43,3.0,0.005814137689351644,17000,22589,3533,0.4784688995215311,136,Middle,Aurelion Sol
7.992724333063864,0.001457398150201648,5.154405820533549,3.937890258053821,10046,4.942603071948262,7,54.37833468067906,4.279708973322554,54.63136620856912,46,-2.0,0.005735317640931406,14325,21811,4852,0.47696038803556995,54,Jungle,Malphite
5.925895765472313,0.002189960953166209,6.219055374592834,4.40508380917296,10765,4.78257328990228,7,155.11319218241042,0.9047231270358306,1.8102605863192183,43,-8.0,0.005693589380003045,23469,18402,2540,0.4755700325732899,74,Top,Heimerdinger
5.9013050570962475,0.0004064641712651468,5.724306688417618,2.558102784902895,11266,5.102773246329527,5,153.22022838499186,2.5252854812398042,3.3107667210440455,31,12.0,0.005684316433130076,16131,32987,11388,0.4828711256117455,48,Top,Trundle
5.0131578947368425,0.0037424068088157906,6.574013157894737,3.185744896808391,11771,7.635690789473684,7,145.88240131578948,3.90625,5.769736842105263,28,-3.0,0.00563795169876523,19355,28612,7075,0.4769736842105263,107,Top,Rengar
7.658677685950413,0.000766563608165448,5.821487603305785,3.809939532720312,10505,5.620661157024793,7,138.2206611570248,0.8512396694214877,1.9966942148760332,21,-1.0,0.0056101328581463225,21795,28396,9371,0.5041322314049587,50,Top,Swain
7.617744610281924,0.000701652980054664,5.310945273631841,3.2937657686986244,10085,5.156716417910448,5,50.069651741293534,6.322553897180763,52.11940298507463,41,-2.0,0.005591586964400384,13801,25306,5682,0.5058043117744611,78,Jungle,Poppy
9.098154362416107,0.0003137347025354555,5.114093959731544,2.4413140905411543,9771,3.38506711409396,5,133.71895973154363,0.6375838926174496,1.058724832214765,30,-2.0,0.005526676336289601,16814,33265,12166,0.5067114093959731,57,Top,Maokai
6.705634987384356,0.0032022576534653387,5.984861227922624,5.459792417382734,10874,6.804878048780488,7,56.313708999158955,6.307821698906644,57.89739276703112,34,-7.0,0.0055127669159801464,17258,28562,11157,0.4768713204373423,245,Jungle,Ekko
6.034071550255536,0.008038872193291486,5.547700170357751,,7670,3.7112436115843273,7,58.558773424190804,0.3577512776831346,1.0885860306643953,40,-2.0,0.005443219814432879,12518,13243,1500,0.4727427597955707,142,Support,Zoe
7.5361216730038025,0.00167608514728917,6.521863117870723,2.873726660295112,8427,4.144486692015209,7,43.57034220532319,0.4553231939163498,1.1739543726235742,38,-7.0,0.004877570055181761,14270,14583,1148,0.4828897338403042,1,Support,Annie
8.356107660455487,0.000701652980054664,5.239130434782608,3.324500907441016,7786,3.139751552795031,5,57.90372670807454,0.422360248447205,0.7380952380952381,35,0.0,0.004478833339644089,10015,19387,2867,0.489648033126294,78,Support,Poppy
8.406216505894962,0.00017386775386817114,5.309753483386924,2.002678191003713,9848,3.9817792068595925,5,27.640943193997856,7.564844587352626,69.35691318327974,38,2.0,0.004325829716240098,9614,24875,6965,0.5187566988210075,72,Jungle,Skarner
10.397350993377483,0.0003137347025354555,5.624724061810155,3.0488305868073384,7913,2.424944812362031,4,47.746136865342166,0.32781456953642385,0.4735099337748344,24,-1.0,0.0042006449334550154,12377,23605,7406,0.5077262693156733,57,Support,Maokai
6.122988505747126,0.00074492673212852,6.098850574712643,5.867859600825877,11150,5.057471264367816,6,161.44022988505748,1.435632183908046,3.5908045977011493,35,-2.0,0.004033731889741571,21188,17982,1700,0.5057471264367817,112,Top,Viktor
6.412790697674419,0.0010648433992459549,5.756976744186047,3.8482864532816037,10424,5.665116279069768,6,129.4406976744186,1.0267441860465116,1.5744186046511628,40,-1.0,0.003987367155376725,17516,29810,4911,0.47790697674418603,223,Top,Tahm Kench
5.09196740395809,0.0004636473436484564,5.753201396973225,2.663564217774406,10910,4.717112922002328,7,166.43422584400466,2.29918509895227,5.492433061699651,46,0.0,0.003982730681940241,18857,21182,4186,0.45052386495925495,13,Top,Ryze
6.639575971731449,0.0012271199695229147,5.479387514723204,2.7100821997526734,10189,5.156654888103652,9,62.10365135453475,4.581861012956419,50.32037691401649,44,-8.0,0.003936365947575395,13833,34475,9702,0.47703180212014135,31,Jungle,Cho'Gath
8.534246575342467,0.0010424337776362795,5.582814445828144,3.837149824540534,7969,3.0772104607721045,4,72.34744707347447,0.5043586550435866,0.772104607721046,25,5.0,0.003723088169497105,11021,23573,2540,0.5292652552926526,14,Support,Sion
8.845609065155807,0.000979841386243738,5.474504249291785,4.991530902508404,8320,4.1671388101983,6,59.845609065155806,0.5169971671388102,1.1671388101983002,15,,0.0032733502461581025,10676,24200,3050,0.5524079320113314,106,Support,Volibear
8.487591240875913,0.00037787258507349195,5.128467153284672,1.2531645569620253,7583,2.616058394160584,4,65.8,0.28029197080291973,0.44379562043795623,41,0.0,0.0031759843039919264,9916,19740,2717,0.4802919708029197,516,Support,Ornn
9.672131147540984,0.0013584867168899772,4.4485842026825635,3.311148339932988,10345,3.941877794336811,4,154.29508196721312,0.9612518628912071,3.953800298062593,30,-4.0,0.0031110736758811425,17664,18736,7280,0.5529061102831595,26,Middle,Zilean
6.024279210925645,0.005978732496346845,5.6160849772382395,2.7353499926932634,9901,4.535660091047041,5,67.23065250379362,5.758725341426404,49.52655538694992,52,1.0,0.0030554359946433278,13315,29994,11392,0.4157814871016692,266,Jungle,Aatrox
6.8373860182370825,0.0014063969424003178,6.316109422492401,3.720568465527175,11216,6.334346504559271,5,146.7112462006079,2.430091185410334,3.682370820668693,33,2.0,0.003050799521206843,20376,18095,11276,0.5319148936170213,82,Middle,Mordekaiser
7.055900621118012,0.0005656497592511168,6.1521739130434785,2.783821928303561,11755,6.25776397515528,6,160.79347826086956,2.4472049689440993,6.951863354037267,35,-1.0,0.0029858888930960593,18414,24857,7849,0.4922360248447205,10,Middle,Kayle
7.514049586776859,0.0012201652593681878,6.231404958677686,3.4325604100561384,11120,7.079338842975207,7,134.48760330578511,1.340495867768595,2.312396694214876,29,7.0,0.0028050664290731613,21233,21433,2869,0.5305785123966942,85,Middle,Kennen
7.132987910189983,0.0008198830526850204,4.765112262521589,4.186962228379758,8473,3.3229706390328153,5,64.78756476683938,0.7340241796200345,2.4248704663212437,32,0.0,0.0026845181197245626,11887,17717,1907,0.49222797927461137,34,Support,Anivia
7.989528795811518,0.00012363929163958836,6.591623036649215,5.529746281714786,10468,6.115183246073299,7,37.455497382198956,6.865619546247818,65.35078534031413,43,-10.0,0.0026566992791056555,18533,24454,7237,0.47469458987783597,163,Jungle,Taliyah
8.02276707530648,0.001260348029151054,7.500875656742557,4.472686488388459,11848,8.138353765323993,8,133.42206654991244,2.0683012259194395,5.010507880910683,19,0.0,0.0026474263322326863,20108,21579,3471,0.4851138353765324,133,ADC,Quinn
6.660746003552398,0.002101867957873002,5.8667850799289525,3.0532296650717705,10419,4.80461811722913,10,72.79040852575488,6.019538188277087,48.57371225577265,45,1.0,0.0026103345447408095,15645,34766,10915,0.46181172291296624,36,Jungle,Dr. Mundo
9.21455223880597,0.00044201046761152844,5.654850746268656,3.4966165033834966,8098,3.095149253731343,5,37.990671641791046,0.6940298507462687,1.3992537313432836,33,9.0,0.0024851497619557262,11431,20441,6047,0.48507462686567165,79,Support,Gragas
6.655769230769231,0.000766563608165448,4.8961538461538465,7.136658556366585,7629,3.725,5,60.934615384615384,0.40192307692307694,0.8442307692307692,36,-16.0,0.0024109661869719736,12755,17204,4737,0.475,50,Support,Swain
7.418111753371869,0.0005656497592511168,4.973025048169557,2.7252121913580245,7512,2.1522157996146434,3,50.82658959537572,0.5799614643545279,1.556840077071291,43,-6.0,0.002406329713535489,7372,16775,7150,0.44508670520231214,10,Support,Kayle
10.705653021442496,0.0003137347025354555,5.510721247563353,2.8493514150943398,9670,3.6783625730994154,5,47.251461988304094,4.171539961013646,49.93372319688109,33,17.0,0.0023785108729165814,14163,33830,14054,0.5029239766081871,57,Jungle,Maokai
6.734375,0.001260348029151054,7.37890625,5.31285771866183,11411,7.482421875,8,79.787109375,6.09765625,39.3125,47,4.0,0.0023738743994800968,18681,23166,5211,0.478515625,133,Jungle,Quinn
8.074509803921568,0.00032687137727216176,5.856862745098039,2.340797378481704,12350,7.603921568627451,7,159.9156862745098,2.4529411764705884,6.713725490196079,12,-1.0,0.0023646014526071276,22731,21367,4108,0.4823529411764706,42,ADC,Corki
6.811133200795228,0.0004350557574568016,5.071570576540755,4.458530805687204,8586,3.5606361829025843,5,68.07753479125249,0.5964214711729622,1.1669980119284293,16,3.0,0.002332146138551736,16598,12263,962,0.5387673956262425,115,Support,Ziggs
